Client,Bush,Well,Work,Date,Time,ДавЛевНас,ДавПравНас,ДавВыход,РасходЛевНас,РасходПравНас,РасходВыход,ТемпРецирк,ПлотРецирк,ОбъемВыход,РасходВоды,Плотность
Газмяс,12,34,Проба,20.01.2025,15:03:59,171.81,0.00,0.00,441.36,0.00,0.00,0.00,0.00,0.00,0.00,32.32
,,,,,15:04:00,500.00,0.00,0.00,46.58,0.00,0.00,0.00,0.00,0.00,0.00,0.00
,,,,,15:04:03,500.00,0.00,0.00,134.46,0.00,0.00,0.00,0.00,0.00,0.00,0.00
,,,,,15:04:06,245.07,0.00,0.00,200.87,0.00,0.00,0.00,0.00,0.00,0.00,333.44
,,,,,15:04:10,189.69,0.00,0.00,500.00,0.00,0.00,0.00,0.00,0.00,0.00,400.31
,,,,,15:04:14,500.00,0.00,0.00,96.43,0.00,0.00,0.00,0.00,0.00,0.00,86.35
,,,,,15:04:19,0.00,0.00,0.00,418.81,0.00,0.00,0.00,0.00,0.00,0.00,337.27
,,,,,15:04:28,308.96,0.00,0.00,500.00,0.00,0.00,0.00,0.00,0.00,0.00,0.00
,,,,,15:04:30,500.00,0.00,0.00,283.12,0.00,0.00,0.00,0.00,0.00,0.00,0.00
,,,,,15:04:34,500.00,0.00,0.00,148.65,0.00,0.00,0.00,0.00,0.00,0.00,61.16
,,,,,15:04:41,320.35,0.00,0.00,500.00,0.00,0.00,0.00,0.00,0.00,0.00,39.89
,,,,,15:04:45,450.32,0.00,0.00,0.00,0.00,0.00,0.00,0.00,0.00,0.00,500.00
,,,,,15:04:46,0.00,0.00,0.00,0.00,0.00,0.00,0.00,0.00,0.00,0.00,500.00
,,,,,15:04:54,486.58,0.00,0.00,152.44,0.00,0.00,0.00,0.00,0.00,0.00,69.13
,,,,,15:05:00,399.06,0.00,0.00,500.00,0.00,0.00,0.00,0.00,0.00,0.00,500.00
,,,,,15:05:10,66.56,0.00,0.00,341.26,0.00,0.00,0.00,0.00,0.00,0.00,227.18
,,,,,15:05:15,0.00,0.00,0.00,240.43,0.00,0.00,0.00,0.00,0.00,0.00,444.27
,,,,,15:05:19,451.48,0.00,0.00,85.60,0.00,0.00,0.00,0.00,0.00,0.00,444.27
,,,,,15:05:24,29.34,0.00,0.00,409.63,0.00,0.00,0.00,0.00,0.00,0.00,0.00
,,,,,15:05:25,0.00,0.00,0.00,409.63,0.00,0.00,0.00,0.00,0.00,0.00,0.00
,,,,,15:05:30,329.12,0.00,0.00,409.63,0.00,0.00,0.00,0.00,0.00,0.00,0.00
,,,,,15:05:45,495.38,0.00,0.00,383.91,0.00,0.00,0.00,0.00,0.00,0.00,81.80
,,,,,15:05:46,0.00,0.00,0.00,383.91,0.00,0.00,0.00,0.00,0.00,0.00,81.80
,,,,,15:05:58,500.00,0.00,0.00,350.50,0.00,0.00,0.00,0.00,0.00,0.00,328.06
,,,,,15:05:59,306.39,0.00,0.00,350.50,0.00,0.00,0.00,0.00,0.00,0.00,328.06
,,,,,15:06:14,0.00,0.00,0.00,500.00,0.00,0.00,0.00,0.00,0.00,0.00,217.59
,,,,,15:06:29,73.61,0.00,0.00,451.34,0.00,0.00,0.00,0.00,0.00,0.00,91.34
,,,,,15:06:32,500.00,0.00,0.00,451.34,0.00,0.00,0.00,0.00,0.00,0.00,91.34
,,,,,15:06:45,0.00,0.00,0.00,0.00,0.00,0.00,0.00,0.00,0.00,0.00,0.00
,,,,,15:06:47,225.67,0.00,0.00,0.00,0.00,0.00,0.00,0.00,0.00,0.00,0.00
,,,,,15:06:49,403.68,0.00,0.00,0.00,0.00,0.00,0.00,0.00,0.00,0.00,0.00
,,,,,15:07:07,500.00,0.00,0.00,394.50,0.00,0.00,0.00,0.00,0.00,0.00,397.24
,,,,,15:07:07,0.00,0.00,0.00,394.50,0.00,0.00,0.00,0.00,0.00,0.00,397.24
,,,,,15:07:25,500.00,0.00,0.00,0.00,0.00,0.00,0.00,0.00,0.00,0.00,131.19
,,,,,15:07:31,158.55,0.00,0.00,0.00,0.00,0.00,0.00,0.00,0.00,0.00,131.19
,,,,,15:07:50,500.00,0.00,0.00,216.75,0.00,0.00,0.00,0.00,0.00,0.00,367.47
,,,,,15:07:51,167.95,0.00,0.00,216.75,0.00,0.00,0.00,0.00,0.00,0.00,367.47
,,,,,15:08:12,500.00,0.00,0.00,500.00,0.00,0.00,0.00,0.00,0.00,0.00,267.31
,,,,,15:08:15,500.00,0.00,0.00,500.00,0.00,0.00,0.00,0.00,0.00,0.00,267.31
,,,,,15:08:30,395.83,0.00,0.00,500.00,0.00,0.00,0.00,0.00,0.00,0.00,305.70
,,,,,15:08:35,332.83,0.00,0.00,500.00,0.00,0.00,0.00,0.00,0.00,0.00,305.70
,,,,,15:08:49,419.86,0.00,0.00,327.74,0.00,0.00,0.00,0.00,0.00,0.00,0.00
,,,,,15:08:56,0.00,0.00,0.00,327.74,0.00,0.00,0.00,0.00,0.00,0.00,0.00
,,,,,15:09:03,500.00,0.00,0.00,454.67,0.00,0.00,0.00,0.00,0.00,0.00,326.42
,,,,,15:09:11,182.15,0.00,0.00,187.61,0.00,0.00,0.00,0.00,0.00,0.00,411.02
,,,,,15:09:16,408.01,0.00,0.00,187.61,0.00,0.00,0.00,0.00,0.00,0.00,411.02
,,,,,15:09:23,170.32,0.00,0.00,466.65,0.00,0.00,0.00,0.00,0.00,0.00,0.00
,,,,,15:09:32,257.11,0.00,0.00,500.00,0.00,0.00,0.00,0.00,0.00,0.00,356.31
,,,,,15:09:34,500.00,0.00,0.00,500.00,0.00,0.00,0.00,0.00,0.00,0.00,356.31
,,,,,15:09:37,0.00,0.00,0.00,500.00,0.00,0.00,0.00,0.00,0.00,0.00,356.31
,,,,,15:09:44,272.62,0.00,0.00,486.90,0.00,0.00,0.00,0.00,0.00,0.00,228.15
,,,,,15:09:48,500.00,0.00,0.00,470.49,0.00,0.00,0.00,0.00,0.00,0.00,0.00
,,,,,15:09:51,0.00,0.00,0.00,470.49,0.00,0.00,0.00,0.00,0.00,0.00,0.00
,,,,,15:09:54,11.89,0.00,0.00,470.49,0.00,0.00,0.00,0.00,0.00,0.00,0.00
,,,,,15:09:57,0.00,0.00,0.00,88.30,0.00,0.00,0.00,0.00,0.00,0.00,96.38
,,,,,15:10:03,0.00,0.00,0.00,229.21,0.00,0.00,0.00,0.00,0.00,0.00,0.00
,,,,,15:10:05,0.00,0.00,0.00,229.21,0.00,0.00,0.00,0.00,0.00,0.00,0.00
,,,,,15:10:08,99.44,0.00,0.00,229.21,0.00,0.00,0.00,0.00,0.00,0.00,0.00
,,,,,15:10:11,9.62,0.00,0.00,500.00,0.00,0.00,0.00,0.00,0.00,0.00,60.83
,,,,,15:10:14,174.96,0.00,0.00,148.87,0.00,0.00,0.00,0.00,0.00,0.00,0.00
,,,,,15:10:15,223.25,0.00,0.00,148.87,0.00,0.00,0.00,0.00,0.00,0.00,0.00
,,,,,15:10:18,161.41,0.00,0.00,472.35,0.00,0.00,0.00,0.00,0.00,0.00,221.13
,,,,,15:10:21,500.00,0.00,0.00,500.00,0.00,0.00,0.00,0.00,0.00,0.00,402.75
,,,,,15:10:22,249.82,0.00,0.00,500.00,0.00,0.00,0.00,0.00,0.00,0.00,402.75
,,,,,15:10:24,120.79,0.00,0.00,500.00,0.00,0.00,0.00,0.00,0.00,0.00,331.93
,,,,,15:10:25,0.00,0.00,0.00,272.40,0.00,0.00,0.00,0.00,0.00,0.00,352.17
