Client,Bush,Well,Work,Date,Time,ДавПравНас,ДавВыход,РасходПравНас,ТемпРецирк,ПлотРецирк,РасходВоды
Привет,123,456,тест,19.12.2024,14:58:42,109.30,491.60,204.19,500.00,0.00,240.10
,,,,,14:58:43,146.05,500.00,0.00,500.00,422.89,500.00
,,,,,14:58:44,146.05,500.00,0.00,500.00,422.89,500.00
,,,,,14:58:45,146.05,500.00,0.00,500.00,422.89,500.00
,,,,,14:58:46,146.05,500.00,0.00,500.00,422.89,500.00
,,,,,14:58:47,146.05,500.00,0.00,500.00,422.89,500.00
,,,,,14:58:48,350.51,227.41,500.00,0.00,0.00,0.00
,,,,,14:58:49,350.51,227.41,500.00,0.00,0.00,0.00
,,,,,14:58:50,122.67,500.00,311.84,142.54,429.96,0.00
,,,,,14:58:51,122.67,500.00,311.84,142.54,429.96,0.00
,,,,,14:58:52,122.67,500.00,311.84,142.54,429.96,0.00
,,,,,14:58:53,122.67,500.00,311.84,142.54,429.96,0.00
,,,,,14:58:54,500.00,500.00,0.00,200.00,119.23,500.00
,,,,,14:58:55,500.00,494.78,40.89,446.50,0.00,500.00
,,,,,14:58:56,500.00,494.78,40.89,446.50,0.00,500.00
,,,,,14:58:57,500.00,494.78,40.89,446.50,0.00,500.00
,,,,,14:58:58,500.00,494.78,40.89,230.58,0.00,500.00
,,,,,14:58:59,361.33,488.98,0.00,230.58,0.00,500.00
,,,,,14:59:00,374.76,434.03,0.00,0.00,500.00,500.00
,,,,,14:59:01,500.00,155.31,158.15,0.00,500.00,153.00
,,,,,14:59:02,500.00,155.31,158.15,0.00,500.00,153.00
,,,,,14:59:03,500.00,155.31,158.15,0.00,500.00,153.00
,,,,,14:59:04,500.00,155.31,158.15,0.00,500.00,153.00
,,,,,14:59:05,84.95,217.21,0.00,0.00,461.69,272.63
,,,,,14:59:06,191.39,500.00,431.44,269.62,484.95,0.00
,,,,,14:59:07,0.00,500.00,500.00,145.80,500.00,134.35
,,,,,14:59:08,0.00,500.00,500.00,145.80,500.00,134.35
,,,,,14:59:09,0.00,500.00,500.00,145.80,500.00,134.35
,,,,,14:59:10,0.00,500.00,47.84,188.33,26.24,0.00
,,,,,14:59:11,0.00,500.00,47.84,188.33,26.24,0.00
,,,,,14:59:12,500.00,500.00,396.62,442.21,57.74,500.00
,,,,,14:59:13,300.86,202.99,246.64,500.00,0.00,500.00
,,,,,14:59:14,300.86,202.99,246.64,500.00,0.00,500.00
,,,,,14:59:15,300.86,202.99,246.64,500.00,0.00,500.00
,,,,,14:59:16,300.86,202.99,500.00,144.41,0.00,500.00
,,,,,14:59:17,500.00,0.00,500.00,144.41,0.00,500.00
,,,,,14:59:18,12.29,174.75,141.27,500.00,495.26,500.00
,,,,,14:59:19,12.29,174.75,141.27,500.00,495.26,500.00
,,,,,14:59:20,12.29,174.75,141.27,500.00,495.26,500.00
,,,,,14:59:21,192.04,0.00,500.00,43.87,500.00,500.00
,,,,,14:59:22,192.04,0.00,500.00,43.87,500.00,500.00
,,,,,14:59:23,192.04,0.00,500.00,43.87,500.00,500.00
,,,,,14:59:24,0.00,111.44,0.00,168.58,500.00,133.43
,,,,,14:59:25,0.00,111.44,0.00,168.58,500.00,133.43
,,,,,14:59:26,0.00,111.44,0.00,168.58,500.00,133.43
,,,,,14:59:27,416.05,0.00,0.00,0.00,204.05,0.00
,,,,,14:59:28,416.05,0.00,0.00,0.00,204.05,0.00
,,,,,14:59:29,416.05,0.00,0.00,0.00,204.05,0.00
,,,,,14:59:30,500.00,162.87,240.80,500.00,280.09,500.00
,,,,,14:59:31,500.00,162.87,240.80,500.00,280.09,500.00
,,,,,14:59:32,500.00,162.87,240.80,500.00,280.09,500.00
,,,,,14:59:33,500.00,312.47,102.10,500.00,0.00,500.00
,,,,,14:59:34,500.00,312.47,102.10,500.00,0.00,500.00
,,,,,14:59:35,500.00,312.47,102.10,500.00,0.00,500.00
,,,,,14:59:36,235.85,500.00,500.00,0.00,105.68,370.20
,,,,,14:59:37,235.85,500.00,500.00,0.00,105.68,370.20
,,,,,14:59:38,255.15,500.00,125.43,0.00,0.00,377.08
,,,,,14:59:39,255.15,500.00,125.43,0.00,0.00,377.08
,,,,,14:59:40,255.15,500.00,125.43,0.00,0.00,377.08
,,,,,14:59:41,255.15,500.00,125.43,0.00,0.00,377.08
,,,,,14:59:42,434.86,71.11,110.16,0.00,0.00,500.00
,,,,,14:59:43,373.27,485.22,362.24,0.00,82.09,500.00
,,,,,14:59:44,373.27,485.22,362.24,0.00,82.09,500.00
,,,,,14:59:45,373.27,485.22,362.24,0.00,82.09,500.00
,,,,,14:59:46,373.27,485.22,362.24,0.00,82.09,500.00
,,,,,14:59:47,0.00,417.96,177.85,0.00,335.31,500.00
,,,,,14:59:48,210.17,262.61,374.93,500.00,0.00,323.95
,,,,,14:59:49,306.37,461.75,175.24,500.00,428.76,500.00
,,,,,14:59:50,306.37,461.75,175.24,500.00,428.76,500.00
,,,,,14:59:51,306.37,461.75,175.24,500.00,428.76,500.00
,,,,,14:59:52,422.51,500.00,339.10,500.00,500.00,172.13
,,,,,14:59:53,422.51,500.00,339.10,500.00,500.00,172.13
,,,,,14:59:54,474.55,45.16,46.27,49.91,500.00,56.36
,,,,,14:59:55,468.63,0.00,0.00,0.00,42.82,492.96
,,,,,14:59:56,468.63,0.00,0.00,0.00,42.82,492.96
,,,,,14:59:57,468.63,0.00,0.00,0.00,42.82,492.96
,,,,,14:59:58,500.00,387.02,109.02,0.00,0.00,402.09
,,,,,14:59:59,500.00,387.02,109.02,0.00,0.00,402.09
,,,,,15:00:00,152.36,374.87,0.00,464.86,76.82,0.00
,,,,,15:00:01,0.00,493.86,59.00,500.00,345.79,263.78
,,,,,15:00:02,0.00,493.86,59.00,500.00,345.79,263.78
,,,,,15:00:03,0.00,500.00,127.00,500.00,286.97,500.00
,,,,,15:00:04,0.00,500.00,127.00,500.00,286.97,500.00
,,,,,15:00:05,0.00,500.00,127.00,500.00,286.97,500.00
,,,,,15:00:06,457.66,165.73,500.00,0.00,500.00,500.00
,,,,,15:00:07,500.00,0.00,163.78,0.00,340.86,500.00
,,,,,15:00:08,500.00,0.00,163.78,0.00,340.86,500.00
,,,,,15:00:09,54.01,216.73,500.00,427.76,500.00,500.00
,,,,,15:00:10,54.01,216.73,500.00,427.76,500.00,500.00
,,,,,15:00:11,54.01,216.73,500.00,427.76,500.00,500.00
,,,,,15:00:12,246.22,0.00,55.16,306.24,445.37,0.00
,,,,,15:00:13,246.22,0.00,55.16,306.24,445.37,0.00
,,,,,15:00:14,69.86,0.00,360.12,223.31,311.25,51.16
,,,,,15:00:15,69.86,0.00,360.12,223.31,311.25,51.16
,,,,,15:00:16,69.86,0.00,360.12,223.31,311.25,51.16
,,,,,15:00:17,0.00,0.00,415.26,362.02,0.00,0.00
,,,,,15:00:18,500.00,500.00,150.65,0.00,0.00,0.00
,,,,,15:00:19,500.00,500.00,150.65,0.00,0.00,0.00
,,,,,15:00:20,378.56,55.79,75.27,79.78,0.00,361.11
,,,,,15:00:21,378.56,55.79,75.27,79.78,0.00,361.11
,,,,,15:00:22,378.56,55.79,75.27,79.78,0.00,361.11
,,,,,15:00:23,0.00,0.00,204.71,10.84,252.49,500.00
,,,,,15:00:24,0.00,58.79,500.00,191.95,276.61,41.69
,,,,,15:00:25,0.00,58.79,500.00,191.95,276.61,41.69
,,,,,15:00:26,0.00,0.00,17.76,24.56,231.80,13.39
,,,,,15:00:27,0.00,0.00,17.76,24.56,231.80,13.39
,,,,,15:00:28,253.06,169.50,0.00,268.67,500.00,226.77
,,,,,15:00:29,253.06,169.50,0.00,268.67,500.00,226.77
,,,,,15:00:30,375.53,500.00,0.00,462.59,9.48,351.82
,,,,,15:00:31,500.00,42.32,0.00,386.22,0.00,500.00
,,,,,15:00:32,500.00,42.32,0.00,386.22,0.00,500.00
,,,,,15:00:33,500.00,42.32,0.00,386.22,0.00,500.00
,,,,,15:00:34,368.56,472.35,322.47,484.73,0.00,246.95
,,,,,15:00:35,368.56,472.35,322.47,484.73,0.00,246.95
,,,,,15:00:36,191.74,431.31,500.00,411.02,500.00,237.60
,,,,,15:00:37,228.62,0.00,14.16,0.00,361.96,0.00
,,,,,15:00:38,228.62,0.00,14.16,0.00,361.96,0.00
,,,,,15:00:39,228.62,0.00,14.16,0.00,361.96,0.00
,,,,,15:00:40,88.61,0.00,0.00,398.63,0.00,0.00
,,,,,15:00:41,88.61,0.00,0.00,398.63,0.00,0.00
,,,,,15:00:42,500.00,0.00,500.00,500.00,435.14,18.84
,,,,,15:00:43,335.50,0.00,53.35,500.00,325.31,0.00
,,,,,15:00:44,335.50,0.00,53.35,500.00,325.31,0.00
,,,,,15:00:45,0.00,0.00,0.00,14.62,0.00,187.93
,,,,,15:00:46,0.00,0.00,0.00,14.62,0.00,187.93
,,,,,15:00:47,215.98,269.64,0.00,0.00,0.00,391.61
,,,,,15:00:48,500.00,0.00,500.00,160.27,7.64,9.38
,,,,,15:00:49,500.00,206.48,467.66,271.12,0.00,52.31
,,,,,15:00:50,500.00,206.48,467.66,271.12,0.00,52.31
,,,,,15:00:51,416.39,0.00,500.00,500.00,0.00,0.00
,,,,,15:00:52,416.39,0.00,500.00,500.00,0.00,0.00
,,,,,15:00:53,160.96,379.27,230.14,500.00,0.00,369.22
,,,,,15:00:54,500.00,0.00,86.92,500.00,46.12,103.39
,,,,,15:00:55,500.00,0.00,500.00,500.00,44.18,0.00
,,,,,15:00:56,500.00,0.00,500.00,500.00,44.18,0.00
,,,,,15:00:57,500.00,0.00,500.00,500.00,164.09,0.00
,,,,,15:00:58,500.00,0.00,500.00,500.00,164.09,0.00
,,,,,15:00:59,479.19,0.00,500.00,500.00,261.73,0.00
,,,,,15:01:00,0.00,220.75,440.79,113.39,500.00,500.00
,,,,,15:01:01,47.24,47.77,500.00,259.97,442.14,345.71
,,,,,15:01:02,47.24,47.77,500.00,259.97,442.14,345.71
,,,,,15:01:03,500.00,483.06,180.89,0.00,466.77,485.25
,,,,,15:01:04,500.00,483.06,180.89,0.00,466.77,485.25
,,,,,15:01:05,70.29,500.00,350.04,0.00,500.00,500.00
,,,,,15:01:06,26.81,219.50,500.00,81.42,500.00,0.00
,,,,,15:01:07,311.20,500.00,500.00,0.00,362.56,0.00
,,,,,15:01:08,500.00,387.45,500.00,0.00,500.00,0.00
,,,,,15:01:09,500.00,387.45,500.00,0.00,500.00,0.00
,,,,,15:01:10,354.77,500.00,190.58,0.00,500.00,0.00
,,,,,15:01:11,354.77,500.00,190.58,0.00,500.00,0.00
,,,,,15:01:12,0.00,203.07,129.71,0.00,482.36,0.00
,,,,,15:01:13,0.00,0.00,430.49,207.96,500.00,121.63
,,,,,15:01:14,0.00,0.00,430.49,207.96,500.00,121.63
,,,,,15:01:15,0.00,0.00,500.00,443.39,205.76,231.98
,,,,,15:01:16,220.05,110.91,500.00,486.65,0.00,78.58
,,,,,15:01:17,220.05,110.91,500.00,486.65,0.00,78.58
,,,,,15:01:18,500.00,144.39,500.00,42.32,500.00,0.00
,,,,,15:01:19,500.00,144.39,500.00,42.32,201.42,419.80
,,,,,15:01:20,500.00,146.88,500.00,316.32,201.42,419.80
,,,,,15:01:21,500.00,0.00,500.00,0.00,0.00,394.09
,,,,,15:01:22,500.00,0.00,500.00,0.00,0.00,394.09
,,,,,15:01:23,500.00,483.97,500.00,86.42,0.00,500.00
,,,,,15:01:24,425.75,351.09,288.33,245.93,164.20,500.00
,,,,,15:01:25,425.75,351.09,288.33,245.93,164.20,500.00
,,,,,15:01:26,429.25,500.00,393.32,289.83,389.07,2.47
,,,,,15:01:27,500.00,37.60,310.64,480.94,233.28,16.06
,,,,,15:01:28,500.00,37.60,310.64,480.94,233.28,16.06
,,,,,15:01:29,487.82,301.51,312.74,477.37,291.59,0.00
,,,,,15:01:30,379.47,0.00,500.00,500.00,500.00,475.51
,,,,,15:01:31,500.00,0.00,378.22,310.81,500.00,0.00
,,,,,15:01:32,500.00,0.00,378.22,310.81,500.00,0.00
,,,,,15:01:33,500.00,460.50,500.00,280.25,500.00,214.31
,,,,,15:01:34,500.00,460.50,500.00,280.25,500.00,214.31
,,,,,15:01:35,500.00,500.00,11.09,442.70,500.00,23.02
,,,,,15:01:36,500.00,0.00,500.00,196.10,500.00,500.00
,,,,,15:01:37,121.24,400.57,414.22,0.00,500.00,500.00
,,,,,15:01:38,121.24,400.57,414.22,0.00,500.00,500.00
,,,,,15:01:39,0.00,344.29,500.00,0.00,500.00,500.00
,,,,,15:01:40,0.00,344.29,500.00,0.00,500.00,500.00
,,,,,15:01:41,0.00,500.00,500.00,0.00,500.00,500.00
,,,,,15:01:42,28.11,0.00,500.00,0.00,500.00,433.03
,,,,,15:01:43,483.20,0.00,500.00,0.00,500.00,175.95
,,,,,15:01:44,500.00,0.00,500.00,0.00,500.00,64.23
,,,,,15:01:45,500.00,0.00,500.00,0.00,500.00,64.23
,,,,,15:01:46,242.59,0.00,297.97,398.07,500.00,490.42
,,,,,15:01:47,242.59,0.00,297.97,398.07,500.00,490.42
,,,,,15:01:48,0.00,348.46,0.00,500.00,500.00,297.35
,,,,,15:01:49,0.00,162.39,0.00,11.50,244.75,458.70
,,,,,15:01:50,233.57,0.00,179.41,343.74,207.40,500.00
,,,,,15:01:51,233.57,0.00,179.41,343.74,207.40,500.00
,,,,,15:01:52,0.00,0.00,322.44,167.85,500.00,198.70
,,,,,15:01:53,350.16,0.00,500.00,19.05,465.16,244.52
,,,,,15:01:54,449.09,0.00,0.00,500.00,453.28,342.17
,,,,,15:01:55,500.00,0.00,180.71,500.00,253.81,500.00
,,,,,15:01:56,500.00,0.00,323.27,82.61,500.00,500.00
,,,,,15:01:57,500.00,0.00,323.27,82.61,500.00,500.00
,,,,,15:01:58,500.00,34.72,264.73,457.84,500.00,500.00
,,,,,15:01:59,500.00,0.00,195.09,200.30,500.00,481.01
,,,,,15:02:00,313.46,418.76,273.16,500.00,305.74,0.00
,,,,,15:02:01,500.00,500.00,25.36,500.00,500.00,0.00
,,,,,15:02:02,275.50,500.00,222.58,107.45,500.00,336.79
,,,,,15:02:03,0.00,364.82,438.98,0.00,500.00,0.00
,,,,,15:02:04,0.00,364.82,438.98,0.00,500.00,0.00
,,,,,15:02:05,34.95,0.00,0.00,33.75,500.00,134.43
,,,,,15:02:06,317.63,41.26,500.00,0.00,0.00,43.45
,,,,,15:02:07,500.00,0.00,417.51,0.00,440.44,368.13
,,,,,15:02:08,500.00,460.93,82.69,427.88,500.00,500.00
,,,,,15:02:09,500.00,460.93,0.00,478.17,500.00,269.93
,,,,,15:02:10,500.00,355.35,0.00,478.17,500.00,269.93
,,,,,15:02:11,500.00,500.00,330.52,500.00,56.35,0.00
,,,,,15:02:12,500.00,78.26,500.00,500.00,500.00,500.00
,,,,,15:02:13,217.71,0.00,500.00,500.00,500.00,393.73
,,,,,15:02:14,500.00,0.00,188.44,500.00,187.04,500.00
,,,,,15:02:15,490.00,0.00,331.36,420.68,500.00,29.49
,,,,,15:02:16,490.00,0.00,331.36,420.68,500.00,29.49
,,,,,15:02:17,195.58,72.58,0.00,85.30,63.88,0.00
,,,,,15:02:18,476.63,137.91,500.00,500.00,255.97,500.00
,,,,,15:02:19,500.00,95.07,500.00,500.00,0.00,500.00
,,,,,15:02:20,500.00,95.07,500.00,500.00,0.00,500.00
,,,,,15:02:21,500.00,0.00,206.74,268.02,0.00,500.00
,,,,,15:02:22,245.61,146.44,68.53,0.00,0.00,500.00
,,,,,15:02:23,245.61,146.44,68.53,0.00,0.00,500.00
,,,,,15:02:24,0.00,0.00,464.40,500.00,500.00,500.00
,,,,,15:02:25,0.00,0.00,464.40,500.00,500.00,500.00
,,,,,15:02:26,0.00,0.00,500.00,500.00,500.00,500.00
,,,,,15:02:27,0.00,402.02,361.56,500.00,500.00,452.85
,,,,,15:02:28,326.75,351.10,421.68,460.00,107.59,500.00
,,,,,15:02:29,326.75,351.10,421.68,460.00,107.59,500.00
,,,,,15:02:30,0.00,0.00,267.05,147.46,57.13,272.76
,,,,,15:02:31,191.25,0.00,0.00,0.00,469.26,471.79
,,,,,15:02:32,191.25,0.00,0.00,0.00,469.26,471.79
,,,,,15:02:33,0.00,0.00,310.48,325.39,425.52,500.00
,,,,,15:02:34,36.02,0.00,452.22,248.62,27.21,500.00
,,,,,15:02:35,0.00,280.96,62.65,500.00,0.00,100.73
,,,,,15:02:36,77.30,0.00,0.00,500.00,0.00,431.93
,,,,,15:02:37,0.00,364.21,0.00,500.00,0.00,500.00
,,,,,15:02:38,0.00,364.21,0.00,500.00,0.00,500.00
,,,,,15:02:39,174.75,500.00,331.02,500.00,0.00,176.77
,,,,,15:02:40,245.08,500.00,500.00,500.00,267.46,500.00
,,,,,15:02:41,245.08,500.00,500.00,500.00,267.46,500.00
,,,,,15:02:42,500.00,0.00,500.00,420.97,500.00,0.00
,,,,,15:02:43,441.68,0.00,500.00,0.00,500.00,0.00
,,,,,15:02:44,441.68,0.00,500.00,0.00,500.00,0.00
,,,,,15:02:45,500.00,154.09,382.44,131.23,238.16,0.00
,,,,,15:02:46,195.71,380.10,500.00,60.35,251.47,0.00
,,,,,15:02:47,0.00,0.00,387.93,0.00,0.00,0.00
,,,,,15:02:48,264.04,0.00,500.00,0.00,496.84,418.88
,,,,,15:02:49,0.00,267.41,500.00,337.60,500.00,3.52
,,,,,15:02:50,0.00,267.41,500.00,337.60,500.00,3.52
,,,,,15:02:51,0.00,472.49,500.00,468.87,500.00,0.00
,,,,,15:02:52,0.00,238.01,292.26,261.41,500.00,138.15
,,,,,15:02:53,0.00,293.04,500.00,0.00,139.38,478.66
,,,,,15:02:54,500.00,270.92,126.56,451.61,267.67,500.00
,,,,,15:02:55,209.83,99.68,0.00,500.00,0.00,500.00
,,,,,15:02:56,0.00,500.00,0.00,500.00,494.75,322.24
,,,,,15:02:57,0.00,500.00,0.00,139.30,500.00,0.00
,,,,,15:02:58,212.82,500.00,0.00,139.30,500.00,0.00
,,,,,15:02:59,0.00,500.00,183.99,0.00,500.00,319.77
,,,,,15:03:00,351.43,0.00,409.98,332.24,324.62,229.21
,,,,,15:03:01,452.45,431.81,376.62,375.88,500.00,500.00
,,,,,15:03:02,500.00,5.53,84.20,0.00,500.00,246.36
,,,,,15:03:03,500.00,5.53,84.20,0.00,500.00,246.36
,,,,,15:03:04,32.23,0.00,66.55,0.00,500.00,0.00
,,,,,15:03:05,267.25,215.02,0.00,0.00,409.87,0.00
,,,,,15:03:06,30.26,500.00,0.00,500.00,500.00,500.00
,,,,,15:03:07,0.00,27.24,0.00,13.97,500.00,419.14
,,,,,15:03:08,0.00,432.35,212.05,0.00,500.00,324.67
,,,,,15:03:09,331.59,500.00,146.45,392.68,99.24,109.30
,,,,,15:03:10,395.11,101.76,71.02,500.00,257.82,0.00
,,,,,15:03:11,395.11,101.76,71.02,500.00,257.82,0.00
,,,,,15:03:12,500.00,0.00,0.00,0.00,444.19,500.00
,,,,,15:03:13,286.22,64.54,421.75,0.00,500.00,500.00
,,,,,15:03:14,427.07,489.78,500.00,0.00,59.89,418.68
,,,,,15:03:15,500.00,342.52,94.09,451.72,0.00,198.32
,,,,,15:03:16,500.00,279.74,387.95,453.71,0.00,237.97
,,,,,15:03:17,61.10,274.36,0.00,500.00,0.00,0.00
,,,,,15:03:18,24.07,500.00,0.00,483.60,136.00,500.00
,,,,,15:03:19,62.16,299.32,0.00,500.00,183.45,42.77
,,,,,15:03:20,0.00,296.14,0.00,500.00,311.49,0.00
,,,,,15:03:21,166.82,304.53,0.00,500.00,500.00,0.00
,,,,,15:03:22,0.00,500.00,316.61,500.00,500.00,88.24
,,,,,15:03:23,0.00,405.47,500.00,500.00,500.00,419.32
,,,,,15:03:24,500.00,0.00,282.74,486.15,459.12,0.00
,,,,,15:03:25,308.26,0.00,0.00,500.00,500.00,0.00
,,,,,15:03:26,500.00,0.00,0.00,500.00,500.00,0.00
,,,,,15:03:27,500.00,205.36,440.37,177.93,500.00,462.97
,,,,,15:03:28,500.00,0.00,193.91,388.08,189.93,307.00
,,,,,15:03:29,137.48,0.00,500.00,0.00,0.00,346.42
,,,,,15:03:30,500.00,242.09,230.19,427.39,0.00,500.00
,,,,,15:03:31,88.87,500.00,492.93,0.00,317.86,500.00
,,,,,15:03:32,0.00,500.00,427.70,43.85,0.00,500.00
,,,,,15:03:33,0.00,500.00,500.00,0.00,285.36,452.39
,,,,,15:03:34,0.00,500.00,500.00,0.00,218.10,413.78
,,,,,15:03:35,0.00,296.56,500.00,365.41,296.84,500.00
,,,,,15:03:36,103.91,189.91,0.00,393.19,500.00,500.00
,,,,,15:03:37,33.83,294.42,0.00,98.42,80.26,500.00
,,,,,15:03:38,105.94,114.72,438.31,500.00,0.00,500.00
,,,,,15:03:39,467.50,0.00,118.00,249.82,347.25,500.00
,,,,,15:03:40,116.05,0.00,0.00,74.36,500.00,500.00
,,,,,15:03:41,88.02,0.00,0.00,458.47,264.23,500.00
,,,,,15:03:42,422.70,293.12,500.00,500.00,369.77,186.02
,,,,,15:03:43,500.00,500.00,193.77,379.72,500.00,476.49
,,,,,15:03:44,500.00,500.00,193.77,451.88,500.00,0.00
,,,,,15:03:45,500.00,500.00,115.18,451.88,500.00,0.00
,,,,,15:03:46,500.00,454.95,170.59,379.54,277.32,67.00
,,,,,15:03:47,500.00,500.00,33.75,500.00,0.00,0.00
,,,,,15:03:48,293.12,500.00,9.73,261.65,0.00,0.00
,,,,,15:03:49,151.31,222.04,394.42,500.00,333.64,0.00
,,,,,15:03:50,0.00,179.98,500.00,500.00,254.44,0.00
,,,,,15:03:51,432.18,283.39,500.00,358.64,191.51,385.93
,,,,,15:03:52,432.18,283.39,500.00,358.64,191.51,385.93
,,,,,15:03:53,500.00,312.26,419.98,500.00,9.84,500.00
,,,,,15:03:54,154.42,64.69,500.00,471.38,36.92,500.00
,,,,,15:03:55,0.00,0.00,500.00,147.48,0.00,500.00
,,,,,15:03:56,0.00,298.59,500.00,285.53,0.00,172.24
,,,,,15:03:57,12.50,31.75,500.00,0.00,0.00,492.96
,,,,,15:03:58,0.00,192.83,412.37,127.37,15.58,135.15
,,,,,15:03:59,0.00,338.91,500.00,0.00,0.00,75.66
,,,,,15:04:00,0.00,374.51,488.90,132.12,453.72,370.95
,,,,,15:04:01,23.29,227.26,500.00,382.16,500.00,137.97
,,,,,15:04:02,414.33,500.00,27.11,32.11,52.12,277.95
,,,,,15:04:03,152.41,500.00,0.00,390.55,0.00,396.12
,,,,,15:04:04,225.64,165.96,127.73,405.27,0.00,500.00
,,,,,15:04:05,0.00,100.28,0.00,500.00,0.00,500.00
,,,,,15:04:06,0.00,500.00,319.65,360.30,45.07,17.26
,,,,,15:04:07,289.50,500.00,150.27,500.00,327.25,0.00
,,,,,15:04:08,34.93,127.60,0.00,157.58,154.56,0.00
,,,,,15:04:09,0.00,477.26,0.00,454.67,0.00,0.00
,,,,,15:04:10,195.87,127.72,0.00,417.21,0.00,0.00
,,,,,15:04:11,450.00,500.00,8.89,315.09,0.00,279.55
,,,,,15:04:12,224.50,479.99,500.00,224.66,0.00,308.34
,,,,,15:04:13,0.00,377.58,71.11,217.50,282.09,471.57
,,,,,15:04:14,457.58,0.00,114.00,500.00,17.82,500.00
,,,,,15:04:15,500.00,68.37,0.00,500.00,85.24,437.71
,,,,,15:04:16,89.81,95.97,99.44,500.00,313.73,205.49
,,,,,15:04:17,0.00,7.84,0.00,498.95,0.00,500.00
,,,,,15:04:18,0.00,451.40,500.00,500.00,325.04,288.10
,,,,,15:04:19,0.00,76.68,500.00,500.00,500.00,447.50
,,,,,15:04:20,22.64,307.63,445.25,500.00,500.00,500.00
,,,,,15:04:21,0.00,118.84,498.58,305.73,500.00,500.00
,,,,,15:04:22,0.00,431.49,500.00,500.00,500.00,500.00
,,,,,15:04:23,438.52,457.43,314.75,500.00,359.36,500.00
,,,,,15:04:24,178.81,0.00,107.96,500.00,275.97,364.27
,,,,,15:04:25,90.63,174.66,134.03,500.00,0.00,381.01
,,,,,15:04:26,0.00,0.00,0.00,492.40,0.00,500.00
,,,,,15:04:27,418.85,0.00,471.02,500.00,340.77,413.12
,,,,,15:04:28,295.68,0.00,500.00,164.07,0.00,78.63
,,,,,15:04:29,24.06,0.00,203.53,221.33,153.19,0.00
,,,,,15:04:30,175.43,500.00,185.89,500.00,453.43,228.78
,,,,,15:04:31,204.54,500.00,191.30,445.04,1.92,0.00
,,,,,15:04:32,260.06,147.69,500.00,500.00,406.16,420.33
,,,,,15:04:33,153.84,0.00,500.00,438.55,441.00,57.54
,,,,,15:04:34,500.00,137.80,166.18,253.76,500.00,385.89
,,,,,15:04:35,257.53,50.43,500.00,363.40,50.07,500.00
,,,,,15:04:36,416.03,0.00,0.00,0.00,436.53,0.00
,,,,,15:04:37,500.00,470.88,115.61,209.63,360.72,0.00
,,,,,15:04:38,455.62,51.90,24.04,500.00,13.05,196.47
,,,,,15:04:39,75.58,0.00,68.01,43.24,450.55,500.00
,,,,,15:04:40,70.48,0.00,385.99,0.00,500.00,456.40
,,,,,15:04:41,0.00,160.95,374.63,128.67,96.24,500.00
,,,,,15:04:42,331.47,500.00,300.62,40.30,0.00,200.33
,,,,,15:04:43,64.72,500.00,442.96,0.00,421.24,272.67
,,,,,15:04:44,0.00,186.38,175.63,423.92,311.63,500.00
,,,,,15:04:45,0.00,500.00,403.48,500.00,0.00,222.76
,,,,,15:04:46,0.00,245.37,48.68,110.21,183.82,96.25
,,,,,15:04:47,27.54,259.80,220.65,0.00,500.00,500.00
,,,,,15:04:48,431.01,262.36,210.82,234.11,152.37,48.04
,,,,,15:04:49,481.31,97.95,30.05,0.00,151.75,0.00
,,,,,15:04:50,87.28,500.00,77.11,0.00,500.00,370.50
,,,,,15:04:51,52.93,455.99,500.00,0.00,500.00,266.04
,,,,,15:04:52,359.87,347.20,500.00,291.13,500.00,0.00
,,,,,15:04:53,161.20,29.18,299.89,0.00,21.64,279.15
,,,,,15:04:54,481.47,0.00,500.00,366.31,500.00,0.00
,,,,,15:04:55,500.00,293.29,396.25,432.20,229.38,0.00
,,,,,15:04:56,26.81,500.00,500.00,244.87,440.84,0.00
,,,,,15:04:57,0.00,85.94,15.45,204.23,500.00,316.84
,,,,,15:04:58,282.88,0.00,115.80,0.00,500.00,297.06
,,,,,15:04:59,495.14,0.00,0.00,0.00,500.00,166.10
,,,,,15:05:00,500.00,499.66,144.98,322.16,169.21,474.66
,,,,,15:05:01,325.70,500.00,94.58,500.00,168.34,500.00
,,,,,15:05:02,289.42,311.72,218.59,12.83,43.49,481.34
,,,,,15:05:03,500.00,123.68,3.77,0.00,61.05,500.00
,,,,,15:05:04,235.78,0.00,0.00,0.00,333.44,120.34
,,,,,15:05:05,500.00,0.00,412.02,250.27,50.19,500.00
,,,,,15:05:06,333.52,119.00,493.89,486.10,100.30,500.00
,,,,,15:05:07,0.00,477.25,500.00,500.00,0.00,107.10
,,,,,15:05:08,141.76,500.00,420.16,149.88,259.89,255.53
,,,,,15:05:09,297.09,218.66,500.00,197.23,500.00,214.55
,,,,,15:05:10,0.00,500.00,500.00,468.38,500.00,0.00
,,,,,15:05:11,366.66,500.00,500.00,126.23,398.76,165.67
,,,,,15:05:12,18.45,466.85,500.00,0.00,0.00,500.00
,,,,,15:05:13,500.00,500.00,500.00,220.41,0.00,500.00
,,,,,15:05:14,500.00,500.00,20.16,220.67,0.00,13.32
,,,,,15:05:15,409.67,102.44,0.00,251.40,0.00,142.57
,,,,,15:05:16,500.00,0.00,26.45,0.00,184.67,454.72
,,,,,15:05:17,500.00,218.28,0.00,79.24,0.00,500.00
,,,,,15:05:18,500.00,243.54,0.00,500.00,29.28,72.91
,,,,,15:05:19,0.00,67.51,0.00,103.53,0.00,0.00
,,,,,15:05:20,0.00,409.33,0.00,0.00,327.88,0.00
,,,,,15:05:21,208.68,165.10,0.00,0.00,398.86,491.19
,,,,,15:05:22,500.00,200.29,298.69,0.00,368.95,176.43
,,,,,15:05:23,459.65,0.00,245.37,0.00,331.28,0.00
,,,,,15:05:24,423.89,500.00,248.75,442.01,500.00,134.94
,,,,,15:05:25,0.00,500.00,152.99,500.00,423.15,0.00
,,,,,15:05:26,0.00,311.94,242.93,215.85,30.74,384.24
,,,,,15:05:27,407.75,500.00,274.58,263.21,0.00,500.00
,,,,,15:05:28,318.38,264.31,417.72,190.27,0.00,348.56
,,,,,15:05:29,453.38,220.51,500.00,0.00,0.00,0.00
,,,,,15:05:30,0.00,0.00,500.00,500.00,500.00,413.27
,,,,,15:05:31,273.02,218.33,378.67,236.61,315.97,0.00
,,,,,15:05:32,91.89,500.00,285.47,259.66,500.00,0.00
,,,,,15:05:33,47.29,500.00,439.62,443.22,500.00,0.00
,,,,,15:05:34,93.86,254.55,170.66,500.00,500.00,206.96
,,,,,15:05:35,0.00,500.00,500.00,322.23,77.13,89.35
,,,,,15:05:36,0.00,348.22,0.00,394.37,395.13,0.00
,,,,,15:05:37,0.00,0.00,281.52,75.65,313.43,0.00
,,,,,15:05:38,0.00,439.93,500.00,149.83,101.50,0.00
,,,,,15:05:39,301.37,500.00,500.00,438.45,347.75,0.00
,,,,,15:05:40,0.00,500.00,416.50,34.00,81.17,0.00
,,,,,15:05:41,245.32,500.00,240.90,349.57,0.00,0.00
,,,,,15:05:42,152.57,404.68,0.00,500.00,269.80,149.53
,,,,,15:05:43,0.00,319.00,0.00,500.00,0.00,167.59
,,,,,15:05:44,3.62,500.00,0.00,500.00,108.10,0.00
,,,,,15:05:45,0.00,500.00,196.89,500.00,156.14,0.00
,,,,,15:05:46,426.63,500.00,185.07,414.71,94.22,0.00
,,,,,15:05:47,336.73,500.00,137.58,156.73,0.00,0.00
,,,,,15:05:48,0.00,500.00,0.00,456.31,0.00,62.39
,,,,,15:05:49,500.00,0.00,500.00,358.83,500.00,0.00
,,,,,15:05:50,153.97,0.00,500.00,147.41,500.00,439.61
,,,,,15:05:51,247.51,335.81,500.00,439.80,500.00,500.00
,,,,,15:05:52,67.28,0.00,500.00,379.00,500.00,259.97
,,,,,15:05:53,439.51,0.00,434.72,500.00,396.99,198.88
,,,,,15:05:54,500.00,440.30,456.45,500.00,0.00,51.59
,,,,,15:05:55,183.62,127.17,500.00,117.14,80.69,0.00
,,,,,15:05:56,0.00,0.00,17.90,386.42,0.00,329.26
,,,,,15:05:57,0.00,280.15,64.26,500.00,500.00,468.29
,,,,,15:05:58,461.78,264.76,500.00,390.99,191.70,500.00
,,,,,15:05:59,261.27,330.86,500.00,86.40,366.86,500.00
,,,,,15:06:00,318.17,0.00,500.00,166.40,0.00,0.00
,,,,,15:06:01,431.14,0.00,500.00,0.00,0.00,0.00
,,,,,15:06:02,500.00,0.00,482.22,422.11,0.00,143.12
,,,,,15:06:03,500.00,0.00,41.61,500.00,0.00,0.00
,,,,,15:06:04,441.72,0.00,71.88,320.47,208.03,59.99
,,,,,15:06:05,62.86,68.48,273.67,0.00,500.00,0.00
,,,,,15:06:06,0.00,233.31,500.00,157.53,217.21,373.92
,,,,,15:06:07,413.82,500.00,451.39,0.00,0.00,341.32
,,,,,15:06:08,497.91,458.45,142.84,104.52,14.95,343.79
,,,,,15:06:09,500.00,0.00,216.31,0.00,0.00,108.54
,,,,,15:06:10,14.24,0.00,164.16,333.68,465.17,133.55
,,,,,15:06:11,0.00,0.00,187.93,425.95,500.00,0.00
,,,,,15:06:12,2.95,500.00,500.00,295.89,500.00,38.78
,,,,,15:06:13,41.11,305.28,265.89,112.84,50.39,133.74
,,,,,15:06:14,371.49,376.06,500.00,0.00,0.00,0.00
,,,,,15:06:15,254.14,495.47,219.45,0.00,0.00,0.00
,,,,,15:06:16,0.00,84.46,72.47,247.61,0.00,56.00
,,,,,15:06:17,96.95,423.14,310.85,171.85,295.87,500.00
,,,,,15:06:18,500.00,0.00,500.00,227.79,324.22,379.93
,,,,,15:06:19,500.00,0.00,320.21,500.00,500.00,0.00
,,,,,15:06:20,242.57,500.00,500.00,500.00,33.40,3.78
,,,,,15:06:21,500.00,500.00,344.67,500.00,0.00,444.39
,,,,,15:06:22,393.32,0.07,403.28,470.92,97.73,500.00
,,,,,15:06:23,374.20,0.00,500.00,285.33,353.39,27.58
,,,,,15:06:24,500.00,81.38,500.00,201.91,500.00,324.28
,,,,,15:06:25,500.00,256.24,453.08,500.00,414.99,500.00
,,,,,15:06:26,207.38,500.00,500.00,500.00,337.04,500.00
,,,,,15:06:27,0.00,500.00,151.89,307.04,500.00,500.00
,,,,,15:06:28,0.00,500.00,303.26,0.00,500.00,500.00
,,,,,15:06:29,404.57,500.00,189.25,0.00,283.47,500.00
,,,,,15:06:30,412.32,78.10,258.35,0.00,0.00,0.00
,,,,,15:06:31,477.07,274.60,500.00,121.02,0.00,0.00
,,,,,15:06:32,500.00,13.73,500.00,442.31,332.46,0.00
,,,,,15:06:33,484.27,0.00,453.35,0.00,311.64,0.00
,,,,,15:06:34,385.00,113.16,500.00,228.38,182.62,204.68
,,,,,15:06:35,57.85,28.47,473.97,187.26,9.48,500.00
,,,,,15:06:36,178.02,84.04,500.00,0.00,500.00,91.92
,,,,,15:06:37,0.00,0.00,500.00,0.00,500.00,500.00
,,,,,15:06:38,86.42,293.63,458.68,182.34,202.96,500.00
,,,,,15:06:39,0.00,0.00,0.00,336.83,0.00,0.00
,,,,,15:06:40,137.15,0.00,79.91,500.00,0.00,0.00
,,,,,15:06:41,0.00,0.00,0.00,500.00,0.00,0.00
,,,,,15:06:42,0.00,0.00,0.00,0.00,0.00,0.00
,,,,,15:06:43,428.54,97.64,0.00,0.00,0.00,357.41
,,,,,15:06:44,0.00,382.39,0.00,456.61,342.00,500.00
,,,,,15:06:45,0.00,500.00,293.67,128.38,173.99,307.56
,,,,,15:06:46,142.77,193.98,280.41,14.76,206.30,205.07
,,,,,15:06:47,0.00,116.27,500.00,0.00,85.48,167.31
,,,,,15:06:48,0.00,0.00,500.00,500.00,500.00,167.62
,,,,,15:06:49,0.22,0.00,125.68,500.00,500.00,43.61
,,,,,15:06:50,500.00,62.09,0.00,500.00,500.00,0.00
,,,,,15:06:51,83.91,47.79,50.45,483.23,500.00,298.71
,,,,,15:06:52,314.78,167.64,484.44,500.00,160.56,0.00
,,,,,15:06:53,152.90,0.00,500.00,68.38,220.84,55.88
,,,,,15:06:54,361.89,268.64,55.36,0.00,471.37,77.69
,,,,,15:06:55,378.51,0.00,0.00,40.90,49.06,0.00
,,,,,15:06:56,500.00,0.00,500.00,429.13,421.10,427.70
,,,,,15:06:57,493.86,226.74,481.01,500.00,500.00,215.59
,,,,,15:06:58,500.00,500.00,349.87,320.30,54.76,500.00
,,,,,15:06:59,500.00,500.00,500.00,500.00,52.03,500.00
,,,,,15:07:00,72.64,74.14,281.32,500.00,248.26,431.12
,,,,,15:07:01,0.00,0.00,500.00,208.06,159.13,500.00
,,,,,15:07:02,151.25,500.00,500.00,194.53,231.52,500.00
,,,,,15:07:03,0.00,196.39,500.00,321.83,124.39,173.05
,,,,,15:07:04,0.00,0.00,0.00,500.00,359.31,0.00
,,,,,15:07:05,170.65,301.89,0.00,500.00,500.00,453.91
,,,,,15:07:06,471.10,500.00,0.00,500.00,500.00,0.00
,,,,,15:07:07,270.27,500.00,225.15,0.00,45.54,187.33
,,,,,15:07:08,0.00,500.00,245.62,0.00,0.00,108.94
,,,,,15:07:09,0.00,500.00,92.43,0.00,388.59,129.58
,,,,,15:07:10,0.00,500.00,432.91,0.00,500.00,500.00
,,,,,15:07:11,77.66,500.00,464.10,277.55,500.00,63.04
,,,,,15:07:12,49.98,500.00,29.74,123.34,0.00,37.62
,,,,,15:07:13,0.00,344.68,0.00,0.00,382.58,0.00
,,,,,15:07:14,386.54,287.69,376.34,0.00,500.00,116.40
,,,,,15:07:15,500.00,500.00,0.00,500.00,83.11,0.00
,,,,,15:07:16,279.22,500.00,0.00,500.00,89.58,37.62
,,,,,15:07:17,0.00,126.47,22.81,25.94,137.65,500.00
,,,,,15:07:18,0.00,500.00,344.54,500.00,0.00,500.00
,,,,,15:07:19,53.28,500.00,385.21,224.01,331.40,194.11
,,,,,15:07:20,0.00,48.38,0.00,370.70,290.02,500.00
,,,,,15:07:21,8.82,489.23,0.00,320.32,277.40,500.00
,,,,,15:07:22,0.00,0.00,500.00,210.99,408.79,292.80
,,,,,15:07:23,343.87,0.00,500.00,311.63,500.00,500.00
,,,,,15:07:24,189.61,0.00,43.20,170.32,497.19,123.48
,,,,,15:07:25,500.00,0.00,337.23,79.41,500.00,500.00
,,,,,15:07:26,500.00,0.00,500.00,0.00,28.15,500.00
,,,,,15:07:27,234.76,0.00,150.96,500.00,0.00,500.00
,,,,,15:07:28,500.00,428.69,474.82,500.00,350.10,500.00
,,,,,15:07:29,0.00,410.35,500.00,215.17,0.00,500.00
,,,,,15:07:30,239.81,195.95,466.06,0.00,368.71,500.00
,,,,,15:07:31,364.06,0.00,500.00,0.00,406.45,168.28
,,,,,15:07:32,0.00,0.00,407.39,0.00,500.00,282.43
,,,,,15:07:33,481.00,166.84,351.02,0.00,365.89,151.97
,,,,,15:07:34,500.00,0.00,500.00,500.00,0.00,500.00
,,,,,15:07:35,500.00,0.00,125.30,500.00,469.35,500.00
,,,,,15:07:36,500.00,0.00,125.30,68.89,500.00,56.51
,,,,,15:07:37,390.38,96.34,500.00,500.00,119.23,500.00
,,,,,15:07:38,500.00,66.00,437.29,308.50,70.91,500.00
,,,,,15:07:39,122.64,0.00,422.94,56.13,0.00,164.65
,,,,,15:07:40,298.99,0.00,500.00,0.00,0.00,210.63
,,,,,15:07:41,500.00,455.93,243.42,0.00,0.00,500.00
,,,,,15:07:42,500.00,0.34,104.54,221.31,78.14,449.12
,,,,,15:07:43,488.60,380.08,0.00,28.18,500.00,500.00
,,,,,15:07:44,455.88,500.00,75.18,0.00,500.00,500.00
,,,,,15:07:45,500.00,500.00,415.64,291.71,437.28,374.96
,,,,,15:07:46,500.00,291.99,237.32,0.00,131.82,500.00
,,,,,15:07:47,436.32,427.88,500.00,312.64,469.95,499.98
,,,,,15:07:48,500.00,0.00,116.05,0.00,389.25,465.47
,,,,,15:07:49,500.00,0.00,153.57,417.75,500.00,500.00
,,,,,15:07:50,500.00,331.98,213.82,0.00,108.78,500.00
,,,,,15:07:51,500.00,331.10,500.00,0.00,0.00,500.00
,,,,,15:07:52,99.74,0.00,500.00,54.18,500.00,92.46
,,,,,15:07:53,99.74,0.00,500.00,54.18,500.00,0.00
,,,,,15:07:54,500.00,460.33,170.23,157.14,500.00,0.00
,,,,,15:07:55,500.00,460.33,170.23,157.14,500.00,48.27
,,,,,15:07:56,500.00,256.62,476.76,500.00,0.00,473.97
,,,,,15:07:57,500.00,174.88,500.00,500.00,250.93,500.00
,,,,,15:07:58,500.00,174.88,500.00,500.00,188.78,147.05
,,,,,15:07:59,107.70,0.00,500.00,0.89,489.17,0.00
,,,,,15:08:00,307.16,307.83,497.49,139.64,0.00,384.70
,,,,,15:08:01,59.34,0.00,238.52,340.59,297.24,444.96
,,,,,15:08:02,175.77,0.00,0.00,37.98,0.00,422.64
,,,,,15:08:03,500.00,0.00,0.00,500.00,0.00,494.12
,,,,,15:08:04,500.00,0.00,0.00,500.00,0.00,500.00
,,,,,15:08:05,500.00,468.27,500.00,0.00,0.00,255.88
,,,,,15:08:06,435.17,500.00,500.00,0.00,0.00,103.92
,,,,,15:08:07,500.00,81.99,199.75,414.36,0.00,151.07
,,,,,15:08:08,500.00,185.12,199.75,414.36,0.00,500.00
,,,,,15:08:09,0.00,500.00,0.00,500.00,0.00,283.24
,,,,,15:08:10,0.00,500.00,0.00,500.00,367.35,500.00
,,,,,15:08:11,0.00,500.00,0.00,143.98,500.00,369.04
,,,,,15:08:12,131.06,331.87,0.00,143.98,393.28,201.29
,,,,,15:08:13,116.79,99.37,0.00,322.73,399.18,46.32
,,,,,15:08:14,86.88,440.95,0.00,322.73,0.00,50.17
,,,,,15:08:15,500.00,500.00,415.26,204.25,310.42,381.19
,,,,,15:08:16,500.00,500.00,415.26,204.25,310.42,500.00
,,,,,15:08:17,500.00,77.97,500.00,158.59,454.57,0.00
,,,,,15:08:18,500.00,340.80,500.00,158.59,454.57,242.22
,,,,,15:08:19,500.00,0.00,0.00,309.61,0.00,53.49
,,,,,15:08:20,500.00,0.00,0.00,309.61,0.00,33.87
,,,,,15:08:21,34.49,183.15,75.95,500.00,382.46,500.00
,,,,,15:08:22,34.49,183.15,75.95,500.00,382.46,500.00
,,,,,15:08:23,32.68,500.00,110.47,500.00,1.89,500.00
,,,,,15:08:24,32.68,500.00,110.47,500.00,1.89,500.00
,,,,,15:08:25,378.81,270.74,0.00,0.00,71.03,417.81
,,,,,15:08:26,378.81,270.74,0.00,0.00,71.03,417.81
,,,,,15:08:27,300.53,119.80,0.00,500.00,49.42,321.02
,,,,,15:08:28,300.53,119.80,0.00,65.24,273.87,0.00
,,,,,15:08:29,90.93,500.00,0.00,0.00,347.65,283.23
,,,,,15:08:30,0.00,500.00,0.00,0.00,451.41,500.00
,,,,,15:08:31,52.28,500.00,500.00,0.00,183.40,399.83
,,,,,15:08:32,0.00,434.73,499.77,0.00,218.01,0.00
,,,,,15:08:33,214.53,500.00,145.60,287.96,449.47,467.63
,,,,,15:08:34,400.04,500.00,500.00,20.05,500.00,500.00
,,,,,15:08:35,403.15,500.00,500.00,500.00,409.56,0.00
,,,,,15:08:36,38.94,0.00,371.42,500.00,219.31,0.00
,,,,,15:08:37,275.03,0.00,369.13,404.15,103.40,156.54
,,,,,15:08:38,0.00,0.00,191.37,217.48,500.00,65.86
,,,,,15:08:39,0.00,0.00,191.37,217.48,500.00,65.86
,,,,,15:08:40,0.00,462.33,116.38,444.90,235.77,284.56
,,,,,15:08:41,500.00,500.00,300.53,500.00,412.22,500.00
,,,,,15:08:42,500.00,334.92,1.12,500.00,308.26,500.00
,,,,,15:08:43,500.00,500.00,500.00,500.00,500.00,500.00
,,,,,15:08:44,500.00,500.00,500.00,119.74,500.00,407.74
,,,,,15:08:45,500.00,306.58,500.00,15.99,298.15,500.00
,,,,,15:08:46,38.40,0.00,500.00,15.99,0.00,500.00
,,,,,15:08:47,81.90,0.00,500.00,0.00,148.41,500.00
,,,,,15:08:48,291.18,0.00,217.26,95.35,130.07,500.00
,,,,,15:08:49,0.00,0.00,0.00,95.35,130.07,353.67
,,,,,15:08:50,500.00,0.00,0.00,168.08,62.85,287.08
,,,,,15:08:51,500.00,0.00,306.07,500.00,0.00,324.96
,,,,,15:08:52,500.00,500.00,193.20,500.00,0.00,500.00
,,,,,15:08:53,490.87,500.00,193.20,0.00,361.95,488.35
,,,,,15:08:54,490.87,276.42,404.74,490.15,0.00,500.00
,,,,,15:08:55,0.00,276.42,500.00,500.00,0.00,268.29
,,,,,15:08:56,345.01,500.00,500.00,500.00,0.00,0.00
,,,,,15:08:57,38.81,161.70,500.00,318.76,0.00,210.70
,,,,,15:08:58,151.51,161.70,17.36,318.76,0.00,0.00
,,,,,15:08:59,367.82,270.70,17.36,500.00,157.63,0.00
,,,,,15:09:00,367.82,270.70,0.00,500.00,11.42,0.00
,,,,,15:09:01,285.53,500.00,0.00,500.00,500.00,0.00
,,,,,15:09:02,220.62,500.00,66.65,500.00,500.00,0.00
,,,,,15:09:03,0.00,68.04,205.31,0.00,0.00,358.45
,,,,,15:09:04,0.00,162.08,159.60,0.00,222.72,500.00
,,,,,15:09:05,449.46,162.08,159.60,0.00,313.34,265.79
,,,,,15:09:06,449.46,162.08,0.00,0.00,0.00,471.11
,,,,,15:09:07,0.00,0.00,0.00,0.00,298.82,280.02
,,,,,15:09:08,0.00,500.00,500.00,387.99,298.82,39.83
,,,,,15:09:09,340.99,500.00,500.00,500.00,0.00,190.50
,,,,,15:09:10,500.00,0.00,0.00,500.00,0.00,0.00
,,,,,15:09:11,243.71,0.00,0.00,500.00,0.00,449.89
,,,,,15:09:12,243.71,0.00,0.00,500.00,440.02,487.07
,,,,,15:09:13,487.02,426.90,179.40,145.46,499.33,0.00
,,,,,15:09:14,0.00,500.00,280.09,0.00,451.20,263.37
,,,,,15:09:15,416.52,365.12,500.00,492.39,171.35,500.00
,,,,,15:09:16,409.49,500.00,425.99,492.39,171.35,500.00
,,,,,15:09:17,17.41,237.26,425.99,278.90,0.00,418.67
,,,,,15:09:18,17.41,237.26,425.99,278.90,0.00,418.67
,,,,,15:09:19,446.85,0.00,500.00,500.00,397.94,500.00
,,,,,15:09:20,172.85,0.00,303.73,500.00,397.94,493.12
,,,,,15:09:21,0.00,500.00,303.73,500.00,302.61,500.00
,,,,,15:09:22,447.47,500.00,197.13,500.00,203.06,500.00
,,,,,15:09:23,104.85,500.00,500.00,500.00,203.06,472.89
,,,,,15:09:24,241.60,500.00,500.00,500.00,441.82,75.41
,,,,,15:09:25,126.99,500.00,500.00,0.00,160.33,0.00
,,,,,15:09:26,126.99,500.00,500.00,0.00,160.33,0.00
,,,,,15:09:27,0.00,0.00,500.00,66.22,500.00,352.22
,,,,,15:09:28,0.00,274.68,0.00,66.22,500.00,303.54
,,,,,15:09:29,0.00,274.68,0.00,500.00,500.00,303.54
,,,,,15:09:30,0.00,235.92,168.91,242.28,305.80,358.84
,,,,,15:09:31,0.00,235.92,0.00,242.28,305.80,358.84
,,,,,15:09:32,197.78,161.83,0.00,500.00,56.64,500.00
,,,,,15:09:33,82.96,188.11,20.45,500.00,337.09,500.00
,,,,,15:09:34,82.96,188.11,20.45,500.00,337.09,500.00
,,,,,15:09:35,216.65,0.00,112.91,64.42,500.00,0.00
,,,,,15:09:36,0.00,194.57,37.76,64.42,279.72,500.00
,,,,,15:09:37,300.04,194.57,37.76,24.86,279.72,380.29
,,,,,15:09:38,500.00,257.18,335.93,500.00,437.28,500.00
,,,,,15:09:39,127.95,0.61,49.03,500.00,437.28,500.00
,,,,,15:09:40,359.47,0.61,49.03,360.01,500.00,500.00
,,,,,15:09:41,239.28,350.90,59.11,240.25,196.43,500.00
,,,,,15:09:42,239.28,350.90,59.11,240.25,196.43,500.00
,,,,,15:09:43,0.00,146.99,0.00,240.25,0.00,500.00
,,,,,15:09:44,338.02,146.99,0.00,0.00,0.00,500.00
,,,,,15:09:45,0.00,0.00,0.00,0.00,0.00,86.51
,,,,,15:09:46,120.50,84.97,436.44,0.00,0.00,75.08
,,,,,15:09:47,425.63,84.97,436.44,0.00,0.00,10.91
,,,,,15:09:48,425.63,84.97,0.00,0.00,181.67,381.36
,,,,,15:09:49,500.00,0.00,219.82,0.00,192.04,295.36
,,,,,15:09:50,361.98,178.32,467.88,0.00,52.98,240.21
,,,,,15:09:51,199.75,500.00,0.00,0.00,500.00,0.00
,,,,,15:09:52,478.92,84.37,235.72,478.10,322.61,0.00
,,,,,15:09:53,0.00,0.00,44.27,500.00,322.61,0.00
,,,,,15:09:54,0.00,0.00,44.27,500.00,322.61,0.00
,,,,,15:09:55,0.00,213.78,491.32,500.00,11.37,66.65
,,,,,15:09:56,451.87,420.57,62.74,459.99,500.00,0.00
,,,,,15:09:57,0.00,442.93,327.24,260.37,500.00,0.00
,,,,,15:09:58,143.01,373.78,327.24,389.75,500.00,0.00
,,,,,15:09:59,0.00,0.00,0.00,79.07,276.80,500.00
,,,,,15:10:00,0.00,0.00,0.00,498.21,276.80,500.00
,,,,,15:10:01,0.00,428.22,0.00,498.21,0.00,500.00
,,,,,15:10:02,500.00,174.61,323.98,272.61,0.00,500.00
,,,,,15:10:03,500.00,0.00,500.00,0.00,433.19,250.41
,,,,,15:10:04,52.19,56.57,500.00,0.00,476.30,0.00
,,,,,15:10:05,0.00,283.38,500.00,0.00,476.30,0.00
,,,,,15:10:06,0.00,283.38,500.00,0.00,476.30,0.00
,,,,,15:10:07,82.22,224.38,500.00,180.11,0.00,204.15
,,,,,15:10:08,49.55,227.67,500.00,0.00,0.00,0.00
,,,,,15:10:09,429.47,0.00,500.00,0.00,0.00,193.02
,,,,,15:10:10,0.00,52.49,500.00,500.00,449.62,0.00
,,,,,15:10:11,0.00,440.73,500.00,0.00,449.62,155.82
,,,,,15:10:12,0.00,17.95,500.00,0.00,0.00,155.82
,,,,,15:10:13,0.00,17.95,500.00,159.34,0.00,0.00
,,,,,15:10:14,299.66,0.00,139.22,383.78,0.00,76.41
,,,,,15:10:15,0.00,327.93,329.11,383.78,0.00,63.31
,,,,,15:10:16,500.00,159.31,329.11,403.05,305.11,0.00
,,,,,15:10:17,500.00,500.00,0.00,196.43,500.00,0.00
,,,,,15:10:18,500.00,500.00,0.00,267.00,231.84,0.00
,,,,,15:10:19,500.00,128.04,0.00,346.05,436.96,500.00
,,,,,15:10:20,400.37,19.86,0.00,0.00,500.00,500.00
,,,,,15:10:21,0.00,294.77,0.00,301.82,344.85,500.00
,,,,,15:10:22,62.45,395.02,244.79,468.55,415.82,500.00
