Client,Bush,Well,Work,Data
Злой геолог,12,34,Кондуктор 123,16:12:24,,,,,,14:57:33,79.02,500.00,367.29,281.92,119.73,0.00,400.08,0.00,500.00,483.37,336.86
,,,,,,14:57:33,79.02,500.00,367.29,281.92,119.73,0.00,400.08,0.00,500.00,483.37,336.86
,,,,,,14:57:34,500.00,340.07,500.00,0.00,0.00,173.94,404.40,496.05,274.93,104.71,349.36
,,,,,,14:57:34,500.00,340.07,500.00,0.00,0.00,173.94,404.40,496.05,274.93,104.71,349.36
,,,,,,14:57:35,228.06,500.00,235.41,500.00,162.78,500.00,0.00,305.79,0.00,85.27,229.78
,,,,,,14:57:35,500.00,500.00,235.41,500.00,162.78,500.00,0.00,305.79,0.00,85.27,229.78
,,,,,,14:57:36,0.00,500.00,11.40,140.54,35.02,14.75,472.52,490.22,360.26,366.49,500.00
,,,,,,14:57:36,,,,,,,400.08,400.08,404.40,404.40,0.00,0.00,472.52,0.00,0.00,496.05,496.05,305.79,305.79,490.22,,,
,,,,,,14:57:36,0.00,500.00,11.40,140.54,35.02,14.75,472.52,490.22,360.26,366.49,500.00
